Metrics,n_sites,n_images,SIF_FARRED_max,SIF_RED_max,SIF_O2B,SIF_O2A,SIF_int
R^2,3,3,0.48361398669781686,0.09238054831426912,0.09617899639484717,0.6239848703396762,0.1935058600767361
RMSE,3,3,2.0316481648828506,1.811502548517082,1.9549252430335624,1.2803061565973914,111.13349994183719
Bias,3,3,1.1281008545710056,1.0394820670544975,1.1248447104925507,0.7101639493664273,60.48990148189021
Slope,3,3,-2.5815746941941375,-1.0287931882358898,-1.0851752609931244,-3.365026901816865,-1.0767279736790798
Intercept,3,3,5.1073751545181185,1.9016342057694926,2.0614733809569654,3.677179394014094,201.6443544302121
Random uncertainty,3,3,2.8549827277880215,2.2010185155559907,2.556457083126762,1.134851019641463,8691.626628033542
